Transformer_ID,Hydrogen,Oxigen,Nitrogen,Methane,CO,CO2,Ethylene,Ethane,Acethylene,DBDS,Power factor,Interfacial V,Dielectric rigidity,Water content,Health index,Health_Category,Thermal_Stress_Score,Oil_degradation_score,TDCG,Water_BDV_Ratio
TX_1,2845,5860,27842,7406,32,1344,16684,5467,7,19,1,45,55,0,30,Poor,29557,0.16933749070312948,32441,0
TX_2,12886,61,25041,877,83,864,4,305,0,45,1,45,55,0,30,Poor,1186,0.1922449796899136,14155,0
TX_3,2820,16400,56300,144,257,1080,206,11,2190,1,1,39,52,11,30,Poor,361,0.21133365112295568,5628,0.21153845747041428
TX_4,1099,70,37520,545,184,1402,6,230,0,87,4.58,33,49,5,58.4,Fair,781,0.33616863914745276,2064,0.10204081424406503
TX_5,3210,3570,47900,160,360,2130,4,43,4,1,0.77,44,55,3,60,Fair,207,0.16168385910689964,3781,0.05454545355371903
TX_6,13500,343,36500,3150,113,984,5,1230,1,1,4.93,37,52,6,30,Poor,4385,0.22772532578900478,17999,0.11538461316568052
TX_7,10200,11900,33700,573,87,611,0,162,0,1,3.53,45,55,5,30,Poor,735,0.16586023397352473,11022,0.09090908925619838
TX_8,3,15459,41347,5,68,902,12,2,13,5,0.58,41,71,6,93.3,Excellent,19,0.11796729618689916,103,0.08450704106328112
TX_9,16,2470,59600,8,520,2660,5,8,2,164,0.29,44,56,4,87.5,Good,21,0.3009100515781709,559,0.07142857015306125
TX_10,488,11861,48353,13,85,1957,29,23,0,164,0.27,37,72,10,91.5,Excellent,65,0.2796349686896281,638,0.13888888695987658
TX_11,4,26100,60600,1,206,1440,13,0,13,5,1.32,40,56,4,88.8,Good,14,0.1858602993107047,237,0.07142857015306125
TX_12,4,21800,46200,0,75,655,3,0,11,0,0.65,42,53,5,91.8,Excellent,3,0.18210494567267652,93,0.0943396208615166
TX_13,254,592,60300,14,376,2500,5,9,0,205,0.44,42,42,6,83.9,Good,28,0.40907375258955314,658,0.1428571394557824
TX_14,23349,2475,28011,5045,156,48,5588,3532,2951,0,1,52,70,2,30,Poor,14165,0.05339430605824049,40621,0.028571428163265314
TX_15,9040,1870,47500,1790,183,2060,7820,638,1450,0,1,42,55,18,30,Poor,10248,0.18893620041161027,20921,0.32727272132231416
TX_16,13200,1120,32800,2650,156,2240,16400,1610,1510,0,1,45,58,22,30,Poor,20660,0.16414111844439713,35526,0.3793103382877528
TX_17,6620,5250,51900,2240,190,1870,13100,1400,1660,0,1,42,54,21,30,Poor,16740,0.1963815556028671,25210,0.38888888168724295
TX_18,8710,4530,42800,658,437,1780,1260,97,9740,1,1,45,55,1,30,Poor,2015,0.15457135604098843,20902,0.018181817851239675
TX_19,5810,11900,51400,471,354,1470,798,44,3990,1,1,44,50,16,30,Poor,1313,0.1973536875528282,11467,0.31999999360000014
TX_20,757,289,57400,1700,1730,24900,2280,755,12,0,42.1,24,51,77,30,Poor,4735,0.4824555800828449,7234,1.5098038919646297
TX_21,590,23200,63900,949,209,51,828,168,582,0,1,45,55,4,60,Fair,1945,0.15696898729685616,3326,0.0727272714049587
TX_22,1310,2690,51900,1010,119,2220,2520,376,17,0,0.25,45,29,34,30,Poor,3906,0.2960386248781417,5352,1.1724137526753877
TX_23,122,294,73100,50,372,2180,69,31,0,168,1.27,42,35,19,79.7,Good,150,0.42211826022444326,644,0.5428571273469392
TX_24,106,581,75200,47,760,4070,11,30,0,183,0.16,43,29,5,68.5,Fair,88,0.4364431573746721,954,0.17241378715814526
TX_25,95,1760,80800,72,488,3050,10,36,0,176,0.29,44,55,12,88.8,Good,118,0.3243925748684143,701,0.21818181421487612
TX_26,87,362,76100,47,560,3920,5,31,0,184,0.23,43,52,4,80,Good,83,0.3405893726950065,730,0.07692307544378701
TX_27,79,699,75700,72,508,3810,83,42,0,136,1.24,34,48,5,74.8,Good,197,0.3688196357150966,784,0.10416666449652782
TX_28,2183,192,43380,1061,183,5730,1308,646,2,0,1,42,28,31,30,Poor,3015,0.31564385068483436,5383,1.1071428176020421
TX_29,76,324,71700,45,904,5220,10,27,0,227,0.45,45,45,8,74.4,Good,82,0.40150347926448016,1062,0.1777777738271606
TX_30,14,17600,44300,0,161,2010,22,0,0,0,1.16,37,49,16,93.2,Excellent,22,0.2399656431192238,197,0.32653060558100805
TX_31,14,2750,29500,12,54,5190,0,0,0,5,0.19,43,55,3,92.7,Excellent,12,0.16917786109893082,80,0.05454545355371903
TX_32,40,2350,65000,8,538,2480,9,0,1,0,1,35,56,62,93.2,Excellent,17,0.27174585432782156,596,1.1071428373724495
TX_33,5,9400,37100,4,496,2720,3,0,1,0,1,35,56,51,90.7,Excellent,7,0.25972399640432425,509,0.9107142694515309
TX_34,7,12300,32200,0,302,3640,3,0,1,0,1,35,55,36,94,Excellent,3,0.24749722044804012,313,0.6545454426446283
TX_35,2390,9050,44300,163,546,2660,3,53,0,0,1.71,46,54,12,60,Fair,219,0.16626448448493317,3155,0.22222221810699597
TX_36,12880,1571,36351,827,184,2267,4,320,0,1,1,46,54,12,30,Poor,1151,0.16520432507559685,14215,0.22222221810699597
TX_37,10700,13100,32700,625,79,660,0,190,1,1,4.45,42,44,4,30,Poor,815,0.229782717156146,11595,0.09090908884297526
TX_38,921,22000,43400,42,132,542,75,3,713,0,0.48,45,56,13,80,Good,120,0.16121665004538172,1886,0.23214285299744905
TX_39,9350,229,53000,188,451,2720,228,28,0,0,71.75,30,55,5,30,Poor,444,0.4348333576116147,10245,0.09090908925619838
TX_40,6200,291,59400,218,492,10600,103,39,0,0,67.67,30,54,10,30,Poor,360,0.43330934452375347,7052,0.18518518175583
TX_41,3060,257,69500,190,403,8930,68,47,0,0,73.2,29,56,14,54.3,Fair,305,0.45002276867030966,3768,0.24999999553571436
TX_42,7907,3564,24991,467,96,1765,2,249,0,0,1,29,56,14,30,Poor,718,0.2526201712677123,8721,0.24999999553571436
TX_43,5030,7140,54300,179,38,260,0,21,0,0,1.9,29,49,15,30,Poor,200,0.28534043130678166,5268,0.3061224427321951
TX_44,322,669,56400,181,614,466,170,15,173,0,0.63,45,51,2,78.8,Good,366,0.17043824165480764,1475,0.0392156855055748
TX_45,152,21400,49300,254,64,1510,2250,908,4830,0,1,43,51,5,30,Poor,3412,0.1858396612494973,8458,0.09803921376393698
TX_46,211,249900,62600,148,118,2300,751,103,3030,0,1,45,41,9,60,Fair,1002,0.22076680150450642,4361,0.21951218976799539
TX_47,277,21500,46100,142,93,2090,802,59,3840,0,1,45,50,5,30,Poor,1003,0.17889521680505288,5213,0.09999999800000005
TX_48,253,17300,43700,135,82,1870,57,734,3330,0,1,44,50,4,60,Fair,926,0.1833578761857451,4591,0.07999999840000004
TX_49,216,24300,48500,93,94,1890,578,36,2830,0,1,42,54,7,60,Fair,707,0.18108100915477965,3847,0.12962962722908097
TX_50,135,5091,48792,33,568,1301,3,5,0,1,0.12,47,66,3,80,Good,41,0.09740668890867678,744,0.04545454476584023
TX_51,0,219,56900,4,20,507,30,49,67,0,4.4,47,50,3,85.8,Good,83,0.174894280534919,170,0.05999999880000003
TX_52,38,3127,16464,11,177,727,28,3,19,0,1,47,75,38,91.3,Excellent,42,0.09968301279776688,276,0.5066666599111113
TX_53,36,2950,63300,101,525,4080,193,35,0,127,0.37,40,53,6,79,Good,329,0.30543767584716985,890,0.11320754503381991
TX_54,30,316,54100,161,309,2710,248,28,0,20,0.57,40,55,4,80,Good,437,0.20119224401025892,776,0.0727272714049587
TX_55,52,387,68400,37,936,6130,8,21,0,138,0.82,44,56,4,76.7,Good,66,0.2794516398299377,1054,0.07142857015306125
TX_56,30,413,19600,39,140,2690,17,48,0,158,0.15,46,56,7,90.2,Excellent,104,0.2874085102596979,274,0.12499999776785718
TX_57,24,455,21700,41,186,2790,10,65,0,162,0.17,44,52,3,90.2,Excellent,116,0.3143936145728573,326,0.05769230658284026
TX_58,21,425,33000,32,217,3030,9,47,0,160,0.13,42,53,4,90.2,Excellent,88,0.3205594763348296,326,0.07547169668921327
TX_59,59,645,56000,20,267,2300,9,15,0,136,0.21,42,52,4,92.7,Excellent,44,0.30379949719193833,370,0.07692307544378701
TX_60,104,1450,76500,37,357,3220,11,11,0,2,0.32,45,54,8,93.3,Excellent,59,0.1654101597622805,520,0.14814814540466398
TX_61,3,19700,67600,0,108,1480,10,0,0,17,1,43,53,28,97.5,Excellent,10,0.21762091350630386,121,0.5283018768244929
TX_62,40,24800,53300,9,84,919,17,12,0,88,1.68,39,51,4,89.7,Excellent,38,0.28636122038257406,162,0.0784313710111496
TX_63,35,1920,73500,6,202,1310,20,0,0,92.6,0.48,40,49,8,90.4,Excellent,26,0.2942825166992097,263,0.16326530279050402
TX_64,3,1900,81300,37,234,2800,10,102,0,123,0.44,41,47,6,86.6,Good,149,0.32154927877653305,386,0.12765957175192402
TX_65,0,693,50600,43,68,2770,4,91,0,180,1.15,44,52,10,85.8,Good,138,0.34058234447122604,206,0.19230768860946754
TX_66,28,9950,47300,16,245,1290,0,3,0,47.5,0.9,44,49,4,93.8,Excellent,19,0.22910135231700232,292,0.08163265139525201
TX_67,25,15500,50700,3,267,1180,0,0,0,27,1,43,43,4,93.8,Excellent,3,0.24186864466347385,295,0.09302325365062201
TX_68,25,508,54500,12,317,2750,4,14,0,0,0.65,45,56,4,96,Excellent,30,0.15184538283114643,372,0.07142857015306125
TX_69,23,888,74700,16,914,3420,5,6,0,63.7,0.14,43,47,7,77.8,Good,27,0.25846413540586327,964,0.14893616704391135
TX_70,9,10700,42300,2,308,1970,0,4,0,108,0.38,42,57,9,92.7,Excellent,6,0.26422583956822804,323,0.1578947340720222
TX_71,9,738,56000,10,294,1960,4,17,0,175,0.27,42,56,7,92.7,Excellent,31,0.32493679900987404,334,0.12499999776785718
TX_72,4,408,38700,22,105,1100,7,47,0,168,1.82,43,57,7,89.7,Excellent,76,0.31328504330235657,185,0.12280701538935061
TX_73,8,1060,55300,14,235,1850,6,22,0,113,0.21,42,56,3,92.7,Excellent,42,0.26577561716979153,285,0.05357142761479594
TX_74,7,376,54700,13,205,1780,4,15,0,162,0.29,43,55,4,92.7,Excellent,32,0.30887015926294814,244,0.0727272714049587
TX_75,7,425,50500,9,317,2690,4,15,0,165,0.32,41,55,8,90.2,Excellent,28,0.3270780501195982,352,0.1454545428099174
TX_76,7,15700,46800,2,373,3470,28,0,0,162,0.57,40,51,8,88.8,Good,30,0.34734062753496947,410,0.1568627420222992
TX_77,7,1990,58800,10,154,2210,4,18,0,144,0.3,40,50,1,92.7,Excellent,32,0.3272597809813262,193,0.01999999960000001
TX_78,6,3760,70200,17,277,2200,7,31,0,194,0.48,41,55,3,92.7,Excellent,55,0.34760168731779534,338,0.05454545355371903
TX_79,5,378,53100,16,231,2170,5,22,0,165,0.32,43,54,4,92.7,Excellent,43,0.31576202097570016,279,0.07407407270233199
TX_80,5,17400,53400,4,296,2750,7,0,0,164,0.52,41,55,10,90.2,Excellent,11,0.3289296068000557,312,0.18181817851239676
TX_81,5,22900,51800,0,149,826,10,0,0,12,0.21,40,49,10,96.2,Excellent,10,0.2247168840306438,164,0.20408162848813005
TX_82,5,20400,42200,0,148,820,17,0,0,142,1.02,38,52,9,89.7,Excellent,17,0.3389871713785976,170,0.17307691974852077
TX_83,4,57,31384,5,89,876,2,6,0,76,0.16,38,68,7,94.2,Excellent,13,0.2096335997488727,106,0.10294117495674743
TX_84,4,4740,73200,2,154,1910,8,0,0,7,1.55,40,52,15,95.5,Excellent,10,0.2169397832776847,168,0.2884615329142013
TX_85,4,20200,44700,0,194,2050,66,0,0,144,2.05,37,54,13,85.3,Good,66,0.3451592240749022,264,0.24074073628257897
TX_86,3,15400,46100,0,333,1240,18,0,0,0,1.49,38,35,14,89.5,Excellent,18,0.29145988418637253,354,0.39999998857142893
TX_87,3,20600,42000,0,118,906,18,0,0,127,0.89,37,57,6,92.7,Excellent,18,0.3068594120057481,139,0.10526315604801481
TX_88,3,395,47000,5,47,623,9,11,0,169,3.35,38,54,9,86.7,Good,25,0.36081285593440043,75,0.16666666358024698
TX_89,2,21500,47500,2,106,1040,3,0,0,123,0.28,42,54,4,92.7,Excellent,5,0.2842038069250215,113,0.07407407270233199
TX_90,2,14700,44200,2,297,1780,55,0,0,35,0.8,41,41,14,92.4,Excellent,57,0.27874368740687877,356,0.3414634063057706
TX_91,0,5640,71800,17,305,2200,6,41,0,4.4,0.23,42,55,6,98.5,Excellent,64,0.17759283513773375,369,0.10909090710743806
TX_92,0,21900,48300,2,39,1420,3,7,0,136,0.41,41,56,9,92.7,Excellent,12,0.2986996885545973,51,0.16071428284438782
TX_93,0,21200,44200,0,91,1520,0,0,0,136,0.32,43,50,2,92.7,Excellent,0,0.3046922344996886,91,0.03999999920000002
TX_94,0,25900,49700,0,22,399,0,0,0,120,0.86,39,50,4,92.7,Excellent,0,0.3164797510906016,22,0.07999999840000004
TX_95,0,22900,45300,0,66,553,0,0,0,155,0.37,43,53,5,92.7,Excellent,0,0.31234771652986887,66,0.0943396208615166
TX_96,0,21800,52500,3,78,2180,9,8,0,0,0.41,42,56,6,98.5,Excellent,20,0.1700416559281961,98,0.10714285522959188
TX_97,0,2220,58800,13,131,1520,4,22,0,173,0.55,42,52,4,92.7,Excellent,39,0.33732821285374,170,0.07692307544378701
TX_98,0,944,58700,6,266,3530,8,11,0,153,0.35,40,56,4,90.2,Excellent,25,0.31360469032428184,291,0.07142857015306125
TX_99,0,27000,56600,0,47,480,0,0,0,11,1,43,51,4,98.5,Excellent,0,0.19443839503058108,47,0.0784313710111496
TX_100,0,21600,45800,0,204,2750,5,0,0,9,0.08,43,52,6,96,Excellent,5,0.18818002681871163,209,0.11538461316568052
TX_101,0,30800,58700,0,98,1740,4,0,0,6,0.17,44,53,4,98.5,Excellent,4,0.1738749101603492,102,0.07547169668921327
TX_102,0,21700,45600,0,198,2250,6,0,0,6,0.13,41,55,3,98.5,Excellent,6,0.18100598299892848,204,0.05454545355371903
TX_103,0,8380,30800,0,23,180,0,0,0,1,9.43,37,43,7,85.8,Good,0,0.2786217079515647,23,0.16279069388858852
TX_104,0,27300,55500,0,32,525,0,0,0,1,0.62,40,40,19,96.2,Excellent,0,0.2634823039273462,32,0.4749999881250003
TX_105,0,19300,45700,0,53,481,0,0,0,0,1.24,45,47,6,93.2,Excellent,0,0.19314429889926008,53,0.12765957175192402
TX_106,0,24800,45700,0,81,514,0,0,0,203,1.47,45,55,5,89.7,Excellent,0,0.3382015397810953,81,0.09090908925619838
TX_107,0,22000,44900,0,122,856,8,0,0,136,0.63,41,52,7,92.7,Excellent,8,0.3137820666309357,130,0.13461538202662726
TX_108,0,14300,65700,7,148,1960,3,13,0,0,0.41,37,51,2,98.5,Excellent,23,0.2142811823398536,171,0.0392156855055748
TX_109,18,17600,51700,4,231,1610,0,7,0,55,1,45,49,3,90.4,Excellent,11,0.22933424090172844,260,0.06122448854643901
TX_110,11,1140,63900,7,540,2980,47,0,0,60,8.44,36,50,36,76.3,Good,54,0.33598019784882416,605,0.7199999856000003
TX_111,16,7340,71000,5,548,3170,5,0,0,0,0.36,46,45,8,92.4,Excellent,10,0.19570185398917067,574,0.1777777738271606
TX_112,12,461,54500,3,69,2150,3,8,0,161,0.28,41,57,7,92.7,Excellent,14,0.314018227216621,95,0.12280701538935061
TX_113,4,624,44500,36,232,2580,3,54,0,169,1.16,42,56,8,87.2,Good,93,0.32317670768996926,329,0.1428571403061225
TX_114,114,2359,31861,2,144,707,0,0,0,0,1,42,75,28,97.7,Excellent,2,0.11653182882691082,260,0.37333332835555566
TX_115,1450,13000,55800,157,278,3360,82,75,0,3,13.8,36,56,6,60,Fair,314,0.24262786715108708,2042,0.10714285522959188
TX_116,81,23790,64479,10,852,1371,0,0,0,5,0.06,47,74,4,80,Good,10,0.06852643434526078,943,0.05405405332359388
TX_117,67,5940,41600,14,930,4030,0,5,0,5,0.15,43,50,2,80,Good,19,0.18880893393751016,1016,0.03999999920000002
TX_118,1230,239,71300,61,576,11300,28,24,0,0,0.95,34,53,12,78.3,Good,113,0.23501989574034443,1919,0.22641509006763982
TX_119,54,1690,27100,8,554,3990,0,3,0,5,0.19,45,56,2,94.7,Excellent,11,0.15280718714628966,619,0.03571428507653063
TX_120,44,1735,41280,1,133,520,0,0,0,0,1,45,74,24,99,Excellent,1,0.09966024412745726,178,0.32432431994156324
TX_121,37,623,20300,21,888,3690,10,10,0,5,0.14,44,55,3,80,Good,41,0.16348560014351202,966,0.05454545355371903
TX_122,24,35700,85300,5,361,1570,0,0,0,0,0.09,40,55,7,97.2,Excellent,5,0.18553741532171214,390,0.12727272495867772
TX_123,24,1330,70800,12,771,2960,3,4,0,2,0.12,44,50,4,80,Good,19,0.18271397568559605,814,0.07999999840000004
TX_124,22,2820,53100,3,770,2390,3,0,0,11,0.37,43,43,5,80,Good,6,0.22714213650050027,798,0.11627906706327752
TX_125,20,2170,21300,6,307,1960,0,0,0,1,1.02,46,52,4,95.5,Excellent,6,0.1648491711699684,333,0.07692307544378701
TX_126,19,618,20200,15,184,586,2,4,0,0,0.36,47,47,3,96.2,Excellent,21,0.17634848422596477,224,0.06382978587596201
TX_127,8,10600,61600,23,226,4390,0,5,0,5,0.13,45,52,2,96,Excellent,28,0.16930980733312037,262,0.03846153772189351
TX_128,8,8710,71900,21,230,5050,0,4,0,10,0.2,43,55,3,92.7,Excellent,25,0.17361048852251584,263,0.05454545355371903
TX_129,7,4973,56032,21,200,4782,0,2,0,10,0.21,38,66,5,97.5,Excellent,23,0.1577680663966597,230,0.07575757460973372
TX_130,10,3350,51100,2,678,2360,0,0,0,5,0.24,44,56,4,97.2,Excellent,2,0.16068524045143534,690,0.07142857015306125
TX_131,9,909,32800,16,279,2820,0,3,0,5,0.12,45,49,3,93.8,Excellent,19,0.1828753624280111,307,0.06122448854643901
TX_132,7,8220,55800,18,236,2730,0,4,0,5,0.08,54,52,2,96,Excellent,22,0.1191731019332571,265,0.03846153772189351
TX_133,7,647,16900,8,152,528,0,0,0,5,0.11,45,47,3,96.2,Excellent,8,0.1911813546813718,167,0.06382978587596201
TX_134,7,1430,15400,4,221,268,0,0,0,5,1.58,46,48,2,93.2,Excellent,4,0.18438537504026703,232,0.041666665798611134
TX_135,7,2630,58800,2,784,1410,0,0,0,5,0.26,40,46,2,80,Good,2,0.22244301915054274,793,0.04347825992438566
TX_136,7,4520,22800,2,157,1080,0,0,0,5,1.55,46,49,7,93.2,Excellent,2,0.18560116600799934,166,0.14285713994169102
TX_137,6,8510,64300,13,291,2050,9,0,0,1,0.72,41,50,5,98.5,Excellent,22,0.20123294605676315,319,0.09999999800000005
TX_138,6,13300,36900,0,411,4160,0,0,0,0,1,41,52,55,90.7,Excellent,0,0.24742891443711118,417,1.0576922873520715
TX_139,6,6080,40900,5,893,2640,0,0,0,0,1,33,55,12,80,Good,5,0.2323788233624299,904,0.21818181421487612
TX_140,5,12300,70900,17,269,1880,3,5,0,5,0.12,45,48,2,96.2,Excellent,25,0.18594913291981435,299,0.041666665798611134
TX_141,5,12500,48400,3,534,3010,3,0,0,1,1,45,62,3,96.2,Excellent,6,0.12759048172404858,545,0.04838709599375652
TX_142,5,3686,57725,5,158,4331,6,1,0,5,1.41,39,49,19,90.8,Excellent,12,0.23722203387563168,175,0.3877550941274471
TX_143,5,15000,44400,0,230,399,0,0,0,0,0.71,48,57,4,98.5,Excellent,0,0.13117609597764904,235,0.07017543736534321
TX_144,4,279,20000,8,285,4230,0,4,0,2,0.22,44,55,3,96,Excellent,12,0.1610611569771259,301,0.05454545355371903
TX_145,4,13600,37500,3,443,5890,0,7,0,0,1,34,55,77,87.3,Good,10,0.2978615191729946,457,1.399999974545455
TX_146,4,17000,56700,1,408,936,0,0,0,5,0.54,47,48,5,94.9,Excellent,1,0.17926503569214508,413,0.10416666449652782
TX_147,3,20500,44000,0,35,290,0,0,0,1,1,47,48,5,96.2,Excellent,0,0.17699849629599754,38,0.10416666449652782
TX_148,3,17400,56700,3,362,2230,4,0,0,1,1.02,44,48,3,91.9,Excellent,7,0.19153405277288277,372,0.0624999986979167
TX_149,3,2020,59600,6,1070,2950,0,0,0,5,0.39,42,51,3,80,Good,6,0.19194690492060626,1079,0.05882352825836219
TX_150,3,22900,48000,0,201,2320,5,0,0,3,0.1,45,51,4,98.5,Excellent,5,0.1738181285721509,209,0.0784313710111496
TX_151,3,23700,49800,0,202,3290,8,0,0,2,0.1,46,56,4,96,Excellent,8,0.1465481824145396,213,0.07142857015306125
TX_152,3,21700,43200,0,129,1530,0,0,0,1,1.59,35,54,21,94.5,Excellent,0,0.2377646254788653,132,0.38888888168724295
TX_153,3,19500,42800,0,209,2650,30,0,0,0,0.78,40,43,23,92.8,Excellent,30,0.2549102886376398,242,0.5348837084910766
TX_154,3,18400,45000,0,128,1700,28,0,0,5,1.7,35,55,12,95.5,Excellent,28,0.22758687419301724,159,0.21818181421487612
TX_155,3,14900,56700,0,163,458,0,0,0,0,0.13,44,50,3,98.5,Excellent,0,0.17988630605326036,166,0.05999999880000003
TX_156,3,12000,35800,0,195,283,0,0,0,0,0.59,48,55,4,98.5,Excellent,0,0.1391813363513105,198,0.0727272714049587
TX_157,2,24978,76582,2,19,498,0,0,0,0,1,48,55,4,98.5,Excellent,2,0.1403023206301895,23,0.0727272714049587
TX_158,2,15900,51300,4,359,2250,0,0,0,0,0.23,43,49,3,94.9,Excellent,4,0.18988193907520914,365,0.06122448854643901
TX_159,2,24800,54600,3,216,3260,9,0,0,4,0.08,46,54,6,96,Excellent,12,0.1587747404750993,230,0.11111110905349798
TX_160,0,24600,50800,0,31,907,9,0,0,1,1.05,41,53,8,95.5,Excellent,9,0.19291389022045105,40,0.15094339337842655
TX_161,0,5010,51800,4,262,845,0,0,0,5,0.41,45,52,3,98.5,Excellent,4,0.17116825374721822,266,0.05769230658284026
TX_162,0,7520,38100,5,297,778,0,3,0,5,0.39,44,47,2,96.2,Excellent,8,0.1964095643012984,305,0.04255319058397467
TX_163,0,839,20700,4,458,2830,0,0,0,1,0.46,41,47,2,92.4,Excellent,4,0.20974338945288382,462,0.04255319058397467
TX_164,0,1565,9555,0,111,417,0,0,0,5,0.26,42,75,7,100,Excellent,0,0.09596305558041524,111,0.09333333208888892
TX_165,0,22200,47200,2,223,2650,10,0,0,4,0.25,45,55,6,96,Excellent,12,0.16062842772352337,235,0.10909090710743806
TX_166,0,21800,47300,0,249,2510,7,0,0,2,0.27,44,49,4,93.8,Excellent,7,0.18729075855185257,256,0.08163265139525201
TX_167,0,22900,49800,0,205,2190,5,0,0,2,0.09,50,50,5,98.5,Excellent,5,0.1503915152872081,210,0.09999999800000005
TX_168,0,26600,62500,2,209,2190,6,0,0,2,0.07,46,52,4,98.5,Excellent,8,0.16313282584128824,217,0.07692307544378701
TX_169,0,3300,12200,0,118,270,0,0,0,1,1,45,56,3,98.5,Excellent,0,0.15259048172404857,118,0.05357142761479594
TX_170,0,1850,61700,0,43,554,0,0,0,0,3.93,51,51,5,92.5,Excellent,0,0.14940615323704196,43,0.09803921376393698
TX_171,0,27200,58900,0,100,609,0,0,0,0,1.93,38,52,8,95.5,Excellent,0,0.21527218132265585,100,0.15384615088757403
TX_172,0,24400,47700,0,51,458,0,0,0,5,0.32,46,56,4,98.5,Excellent,0,0.1497928579801055,51,0.07142857015306125
TX_173,0,25200,50000,0,67,462,0,0,0,5,0.31,48,54,3,98.5,Excellent,0,0.14589484294749164,67,0.05555555452674899
TX_174,11,478,19400,11,196,1900,3,5,0,5,0.37,43,42,2,96.2,Excellent,19,0.22274377103024195,226,0.0476190464852608
TX_175,17,5680,59500,16,809,3590,11,0,0,5,0.35,42,50,3,80,Good,27,0.1960042072673823,853,0.05999999880000003
TX_176,12,15200,62800,4,413,4720,5,0,0,5,0.53,44,56,14,94.7,Excellent,9,0.17240709351927633,434,0.24999999553571436
TX_177,12,4350,65500,11,870,11100,16,8,0,5,0.5,41,56,10,80,Good,35,0.18462015224657144,917,0.17857142538265314
TX_178,178,4070,27300,144,672,2260,3,10,0,0,1,41,58,12,80,Good,157,0.17543437891798547,1007,0.20689654815695607
TX_179,10,11900,55100,2,403,1140,6,0,2,0,1,41,30,23,88.8,Good,8,0.3041229035081494,423,0.7666666411111119
TX_180,4,5040,37600,4,597,1440,4,3,2,0,1,41,56,27,94.8,Excellent,11,0.20016115487426966,614,0.4821428485331634
TX_181,0,14908,42800,0,52,620,0,0,2,0,0.78,39,60,7,97.2,Excellent,0,0.1721461720620478,54,0.11666666472222226
TX_182,9,578,29200,35,267,1610,52,17,0,0,0.53,42,50,4,97.2,Excellent,104,0.19318395653814122,380,0.07999999840000004
TX_183,17,3960,36100,29,113,4420,3,5,0,5,0.15,45,54,2,96,Excellent,37,0.16103115615973235,167,0.037037036351165994
TX_184,14,2380,67400,78,372,1850,33,1850,0,0,5.56,36,43,27,60,Fair,1961,0.29457313178624656,2347,0.6279069621416986
TX_185,478,9460,64700,21,54,323,0,4,0,0,1,36,43,27,92.6,Excellent,25,0.2821055993187141,557,0.6279069621416986
TX_186,14,514,70600,11,674,11700,13,5,1,0,0.62,42,45,21,88.1,Good,29,0.23284259456390605,718,0.46666665629629656
TX_187,13,12300,43400,0,309,908,0,0,0,0,1,42,47,26,95.2,Excellent,0,0.23101270314385075,322,0.5531914775916708
TX_188,13,6680,59700,2,236,857,0,0,0,0,0.12,42,57,4,98.5,Excellent,2,0.16289630559259552,251,0.07017543736534321
TX_189,13,283,60700,3,33,649,0,80,0,0,2.93,32,54,19,91.2,Excellent,83,0.25502814724341905,129,0.35185184533607694
TX_190,13,3430,16300,3,220,1280,0,0,0,1,1.07,46,53,3,95.5,Excellent,3,0.15972631372830165,236,0.056603772516909956
TX_191,13,309,55000,10,121,3340,15,71,0,0,1,31,58,43,91.7,Excellent,96,0.2648697158943061,230,0.7413792975624259
TX_192,14,1170,50900,4,72,1120,3,100,0,0,1,33,60,29,96.2,Excellent,107,0.23012472500177417,193,0.48333332527777795
TX_193,14,27000,56100,0,27,397,0,0,0,5,1,43,53,7,98.5,Excellent,0,0.1840974066095031,41,0.13207546920612323
TX_194,14,437,55000,2,20,645,0,44,0,0,2.37,32,53,33,90.5,Excellent,46,0.27296425987970424,80,0.6226414976860095
TX_195,14,248,44600,2,35,532,3,73,0,0,3.23,31,56,26,90.2,Excellent,78,0.26072087508886477,127,0.4642857059948981
TX_196,14,305,54800,2,35,517,0,60,0,0,2.95,32,57,23,91.5,Excellent,62,0.24695441410281788,111,0.40350876485072346
TX_197,14,2690,10300,3,155,735,0,0,0,0,0.28,47,54,2,98.5,Excellent,3,0.14587019274465346,172,0.037037036351165994
TX_198,5,7930,49900,5,709,2310,5,0,1,0,1,47,54,36,80,Good,10,0.1849972204480401,725,0.6666666543209879
TX_199,7,6150,19400,3,320,785,6,0,1,0,1,32,56,19,98.5,Excellent,9,0.24141798547536256,337,0.33928570822704096
TX_200,15,18300,52900,4,266,630,13,3,1,0,1,33,52,31,96.5,Excellent,20,0.2656438506848343,302,0.5961538346893493
TX_201,227,9987,37210,11,122,2942,8,26,0,1,2.54,38,52,20,86.3,Good,45,0.23093579856807117,394,0.3846153772189351
TX_202,114,7840,70100,2,258,1250,0,0,0,0,1,38,54,25,96.2,Excellent,2,0.22297536252454284,374,0.46296295438957497
TX_203,104,163,49800,5,40,579,17,274,0,0,1,32,53,24,93.5,Excellent,296,0.2593824663496795,440,0.45283018013527965
TX_204,91,571,44200,6,80,1860,8,168,0,0,10.1,32,30,31,77.3,Good,182,0.3877464556821761,353,1.03333329888889
TX_205,91,24600,49400,5,31,420,0,6,0,1,6.16,41,41,9,85.8,Good,11,0.2579780782613431,133,0.21951218976799539
TX_206,89,189,57800,2,50,502,0,44,0,0,1,32,55,37,96.5,Excellent,46,0.2652567832895702,185,0.6727272604958681
TX_207,88,11300,52600,3,530,2640,0,0,0,0,1,32,58,56,90.7,Excellent,3,0.27352181061197456,621,0.9655172247324617
TX_208,79,667,54400,6,45,409,14,533,0,0,1,32,53,35,91.8,Excellent,553,0.27140432427317673,677,0.6603773460306162
TX_209,78,294,55700,3,132,892,4,121,0,0,2.34,32,57,11,91.2,Excellent,128,0.23217185412612507,338,0.1929824527546938
TX_210,73,1100,49947,10,253,2101,1,2,0,1,0.1,47,61,4,100,Excellent,13,0.1192782362569282,339,0.06557376941682345
TX_211,71,342,46100,8,133,2650,7,257,0,0,1,21,57,37,88.8,Good,272,0.31803456106734795,476,0.6491227956294247
TX_212,70,371,40100,1,12,1750,7,117,0,0,22,36,53,62,82.7,Good,125,0.33610656671484973,207,1.1698112986828058
TX_213,61,440,48800,4,98,909,3,117,0,0,1,32,53,15,97.2,Excellent,124,0.249546400775909,283,0.2830188625845498
TX_214,61,1670,52600,4,98,591,0,52,0,0,1.86,33,56,11,95.5,Excellent,56,0.22947059339854858,215,0.19642856792091845
TX_215,59,587,20100,15,577,6140,5,5,0,5,0.15,45,54,4,91.3,Excellent,25,0.16321694850945914,661,0.07407407270233199
TX_216,59,1900,62400,3,68,704,3,109,0,0,2.08,32,47,13,88.9,Good,115,0.27531344506322936,242,0.2765957387958354
TX_217,59,1420,50000,3,90,766,0,97,0,0,1,31,55,20,96.2,Excellent,100,0.2522331038724482,249,0.3636363570247935
TX_218,58,896,55700,3,63,1040,2,86,0,0,2,33,56,28,93.2,Excellent,91,0.24843260349084337,212,0.49999999107142873
TX_219,58,177,30704,4,70,636,4,108,0,0,2.49,33,68,16,92.7,Excellent,116,0.186657562311143,244,0.23529411418685128
TX_220,57,2470,53800,4,98,926,4,147,0,0,2.96,33,53,14,89.8,Excellent,155,0.2482568007201312,310,0.26415093841224646
TX_221,56,21110,59700,4,46,430,8,430,0,0,1,33,48,36,89.6,Excellent,442,0.28777499822581787,544,0.7499999843750004
TX_222,54,320,47000,2,222,1600,0,15,0,0,1,33,55,19,98.5,Excellent,17,0.24002909658647367,293,0.34545453917355384
TX_223,54,256,54600,3,112,780,0,127,0,0,2.87,33,52,18,91.2,Excellent,130,0.2565489823664975,296,0.34615383949704154
TX_224,54,281,44100,4,89,833,4,126,0,0,2.95,33,55,17,91.2,Excellent,134,0.24317481483141537,277,0.3090909034710745
TX_225,54,281,44100,4,89,833,4,126,0,0,1,33,55,17,97.2,Excellent,134,0.23784330423674688,277,0.3090909034710745
TX_226,52,1710,56300,3,87,934,5,82,0,0,1,30,58,51,90.7,Excellent,90,0.27916844084876874,229,0.8793103296670634
TX_227,52,645,71300,22,203,1760,5,51,0,0,1,40,42,5,96.2,Excellent,78,0.240006327916164,333,0.119047616213152
TX_228,52,322,39300,3,128,754,4,60,0,0,1,31,59,21,97.5,Excellent,67,0.2366593333806449,247,0.3559321973570814
TX_229,52,1550,58400,3,90,681,0,68,0,0,1,32,50,11,97.2,Excellent,71,0.2576748160764554,213,0.2199999956000001
TX_230,51,339,47800,2,53,344,0,217,0,0,2.78,30,44,33,83.1,Good,219,0.32269635526969437,323,0.7499999829545458
TX_231,50,205,55200,4,70,758,4,105,0,0,1,32,54,20,96.2,Excellent,113,0.25084421498355924,233,0.37037036351166
TX_232,49,352,54600,4,87,1030,3,112,0,0,3.93,33,56,20,90.2,Excellent,119,0.24496626252665946,255,0.3571428507653063
TX_233,49,398,40800,2,58,710,3,85,0,0,1,37,57,20,96.2,Excellent,90,0.21056643720578147,197,0.35087718682671604
TX_234,48,245,58500,3,112,914,3,77,0,0,1,31,50,15,97.2,Excellent,83,0.26760195633146455,243,0.29999999400000016
TX_235,48,1330,58900,4,124,1010,3,79,0,0,5.35,30,55,16,84.2,Good,86,0.2653104445166568,258,0.2909090856198348
TX_236,48,71,21093,3,36,673,4,144,0,0,2.56,30,58,26,86.3,Good,151,0.2561112449529188,235,0.4482758543400715
TX_237,48,252,56800,2,62,651,0,112,0,0,3.04,33,54,16,91.2,Excellent,114,0.24649465504297252,224,0.29629629080932796
TX_238,48,289,57400,3,56,650,5,132,0,0,4.22,31,55,13,89.8,Excellent,140,0.2533866583996006,244,0.2363636320661158
TX_239,47,400,48200,4,74,621,0,57,0,0,1,32,54,20,97.5,Excellent,61,0.25084421498355924,182,0.37037036351166
TX_240,47,366,44500,2,88,966,5,73,0,0,1,38,57,15,97.2,Excellent,80,0.19954640077590896,215,0.26315789012003704
TX_241,46,390,40200,3,127,827,4,54,0,0,1,35,59,13,98.5,Excellent,61,0.20569394175951555,234,0.22033897931628849
TX_242,46,227,46700,2,67,735,3,122,0,0,2.4,31,59,17,91.2,Excellent,127,0.23611549987736358,240,0.28813558833668496
TX_243,42,2580,64500,1,25,660,0,56,0,0,3.38,30,60,37,88,Good,57,0.26204173810084075,124,0.6166666563888891
TX_244,40,266,56300,4,86,1110,3,106,0,0,1,32,57,21,96.2,Excellent,113,0.23943711115842264,239,0.3684210461680518
TX_245,40,511,63600,3,95,2190,0,74,0,0,3.24,33,55,18,91.2,Excellent,77,0.24506060232548585,212,0.32727272132231416
TX_246,39,1860,57900,3,69,711,4,96,0,0,2.62,30,56,27,87.7,Good,103,0.2657015209409515,211,0.4821428485331634
TX_247,39,1060,50800,4,74,804,5,83,0,0,1,32,56,58,93.2,Excellent,92,0.2840409362950347,205,1.0357142672193882
TX_248,38,461,55900,4,126,3580,3,136,0,0,4.29,32,54,17,87.3,Good,143,0.2565607417699739,307,0.31481480898491093
TX_249,38,191,60800,2,49,350,0,150,0,0,1,33,53,22,94.8,Excellent,152,0.2516411184443972,239,0.415094331790673
TX_250,37,224,49900,3,39,1030,8,51,0,0,1,31,59,29,97.5,Excellent,62,0.24540250277955197,138,0.4915254153978743
TX_251,37,44788,44090,5,313,1776,8,4,0,1,0.43,34,72,5,100,Excellent,17,0.1476622769597782,367,0.06944444347993829
TX_252,37,280,48100,3,43,535,2,78,0,0,1,32,56,15,97.2,Excellent,83,0.237046400775909,163,0.2678571380739797
TX_253,37,493,48700,2,75,1190,0,62,0,0,1,32,60,24,97.5,Excellent,64,0.2302157996830128,176,0.39999999333333347
TX_254,36,247,54000,4,58,776,4,157,0,0,1,32,57,16,95.8,Excellent,165,0.2339726302841057,259,0.28070174946137283
TX_255,35,438,53300,3,50,547,0,44,0,0,2.59,33,55,13,92.5,Excellent,47,0.23781895125294605,132,0.2363636320661158
TX_256,35,302,39700,3,98,654,4,79,0,0,1,34,60,13,97.2,Excellent,86,0.2070828306484044,219,0.21666666305555562
TX_257,35,232,61400,3,78,766,0,91,0,0,2.75,30,50,12,88.7,Good,94,0.27466351235764525,207,0.23999999520000012
TX_258,35,336,51000,4,75,587,9,96,0,0,3.25,33,58,8,91.2,Excellent,109,0.22165898165682463,219,0.1379310321046374
TX_259,3,1480,13500,37,126,319,87,32,0,0,1,45,55,2,97.2,Excellent,156,0.1547831949471294,285,0.03636363570247935
TX_260,34,7200,51200,3,380,1680,0,0,0,0,1,45,75,25,97.7,Excellent,3,0.09658647363565395,417,0.33333332888888895
TX_261,34,394,43300,2,72,702,4,37,0,0,1,32,52,17,98.5,Excellent,43,0.2558988597923024,149,0.3269230706360948
TX_262,33,312,44100,4,88,738,0,91,0,0,1,33,56,8,97.2,Excellent,95,0.22384057199630975,216,0.1428571403061225
TX_263,33,2000,48700,2,53,486,0,184,0,0,2.97,30,49,47,82.1,Good,186,0.31768304890392896,272,0.9591836538942112
TX_264,32,7150,66200,4,666,6450,5,0,0,0,1,33,53,63,87.3,Good,9,0.29644986161379605,707,1.188679222855109
TX_265,30,1310,49700,3,45,641,3,111,0,0,1,32,48,15,94.9,Excellent,117,0.2703797341092423,192,0.31249999348958346
TX_266,30,298,55400,4,105,920,3,83,0,0,1,32,58,18,97.2,Excellent,90,0.2319917559671658,225,0.31034482223543414
TX_267,30,302,56700,3,54,604,3,69,0,0,1,32,57,13,97.2,Excellent,75,0.23069394175951552,159,0.2280701714373654
TX_268,30,510,35200,2,46,691,0,70,0,0,1,38,60,25,96.2,Excellent,72,0.19797536252454284,148,0.41666665972222233
TX_269,30,466,41900,2,42,439,0,79,0,0,1,37,60,19,97.2,Excellent,81,0.19697354103091808,153,0.316666661388889
TX_270,29,447,52700,6,84,766,13,270,0,0,2.83,33,53,20,88.8,Good,289,0.2544587437296669,402,0.3773584834460664
TX_271,29,277,44200,3,95,607,0,89,0,0,1.58,33,57,14,94.2,Excellent,92,0.22781706501723759,216,0.24561403077870123
TX_272,29,266,48500,2,74,725,4,78,0,0,1,32,60,43,94.2,Excellent,84,0.25098082700541713,187,0.7166666547222225
TX_273,29,396,52500,2,53,569,3,115,0,0,1,32,60,27,96.2,Excellent,120,0.23349448820760296,202,0.44999999250000017
TX_274,28,289,50300,5,157,787,3,51,0,0,1,32,59,31,96.5,Excellent,59,0.24203273957372318,244,0.5254237199080726
TX_275,27,489,60200,11,181,591,4,11,0,0,0.37,47,46,3,96.2,Excellent,26,0.18054249197260414,234,0.06521738988657848
TX_276,27,246,52900,3,66,725,0,122,0,0,2.83,33,55,11,91.2,Excellent,125,0.23628934482256314,218,0.19999999636363644
TX_277,26,4440,68800,7,89,784,6,302,0,0,2.5,33,57,23,88.8,Good,315,0.24016850994849265,430,0.40350876485072346
TX_278,26,321,48300,3,68,598,0,62,0,0,1,32,60,19,98.5,Excellent,65,0.22475131880869587,159,0.316666661388889
TX_279,26,8500,51200,2,238,1150,0,3,0,1,1.02,47,44,7,93.2,Excellent,5,0.1959056374723363,269,0.1590909054752067
TX_280,25,1500,70400,9,482,2470,4,0,0,0,1,44,54,10,97.2,Excellent,13,0.1732485865682587,520,0.18518518175583
TX_281,25,2060,50300,3,42,552,0,102,0,0,1,31,55,15,97.2,Excellent,105,0.24676862299813118,172,0.2727272677685951
TX_282,24,17200,41600,0,68,230,0,0,0,0,1,42,53,15,98.5,Excellent,0,0.19399084522035345,92,0.2830188625845498
TX_283,24,1970,64100,2,34,398,0,92,0,0,1,32,53,13,97.2,Excellent,94,0.2473606084261822,152,0.24528301423994314
TX_284,24,257,55700,2,47,495,4,105,0,0,3.17,31,56,15,91.2,Excellent,111,0.24853497068553154,182,0.2678571380739797
TX_285,24,2350,23200,4,332,2640,0,0,0,1,0.93,46,56,13,96,Excellent,4,0.15777250035731832,360,0.23214285299744905
TX_286,23,1690,60700,2,43,1380,3,76,0,0,1,30,60,62,90.7,Excellent,81,0.2828569654389327,147,1.0333333161111113
TX_287,23,505,58100,2,49,807,0,48,0,0,1,32,54,69,94.5,Excellent,50,0.3043961275518653,122,1.2777777541152269
TX_288,23,14800,40700,1,449,2720,3,0,0,0,1,32,57,89,90.7,Excellent,4,0.313754051049133,476,1.5614034813788864
TX_289,23,6480,42100,5,530,1760,0,0,0,0,1,32,58,22,96.2,Excellent,5,0.23636334066661938,558,0.3793103382877528
TX_290,22,399,42600,7,100,2580,11,286,0,0,9.37,29,56,52,76.3,Good,304,0.31703470984963655,426,0.9285714119897962
TX_291,22,1220,49900,3,30,813,5,291,0,0,1,32,57,27,94.8,Excellent,299,0.24599448820760297,351,0.47368420221606666
TX_292,21,364,57700,3,40,967,3,68,0,0,1,34,60,15,97.2,Excellent,74,0.20926862299813118,135,0.2499999958333334
TX_293,21,6240,52400,3,788,4290,7,0,0,0,1,34,56,41,80,Good,10,0.254350590211246,819,0.7321428440688779
TX_294,21,197,56700,5,44,1070,6,523,0,0,2.55,32,52,20,86.8,Good,534,0.2634154157126547,599,0.3846153772189351
TX_295,21,2710,5600,5,167,1260,3,0,0,0,0.6,51,51,10,98.5,Excellent,8,0.14576605448046348,196,0.19607842752787397
TX_296,21,243,48800,0,19,187,0,65,0,0,1,30,57,18,96,Excellent,65,0.2472695337449436,105,0.3157894681440444
TX_297,20,4530,53000,2,842,2750,0,0,0,5,0.24,45,53,4,80,Good,2,0.16762968489587976,864,0.07547169668921327
TX_298,20,17400,59600,4,395,999,16,4,0,0,1,32,46,31,92.9,Excellent,24,0.2961994062403899,439,0.6739130288279777
TX_299,20,14453,52582,7,66,568,2,1,0,0,0.33,46,73,5,100,Excellent,10,0.07567447555799586,96,0.06849314974666919
TX_300,19,3490,30000,1,374,728,0,0,0,1,0.81,48,53,5,97.2,Excellent,1,0.15009012688762818,394,0.0943396208615166
TX_301,4,893,69100,24,96,707,60,17,0,4,0.64,47,51,4,97.2,Excellent,101,0.16506449304828583,201,0.0784313710111496
TX_302,10,8010,36900,2,441,891,3,0,0,0,1,33,51,17,97.2,Excellent,5,0.2545099709034135,456,0.33333332679738575
TX_303,10,254,56500,4,71,1020,0,108,0,0,1,32,53,22,96.2,Excellent,112,0.2571966739999527,193,0.415094331790673
TX_304,10,881,47800,2,54,1100,0,102,0,0,3.98,33,58,27,90.2,Excellent,104,0.2444199078172331,168,0.46551723335315115
TX_305,10,2060,6440,2,97,549,0,0,0,0,1,48,57,7,98.5,Excellent,2,0.1352476758214463,109,0.12280701538935061
TX_306,10,2740,53500,2,46,322,4,211,0,0,1,34,57,27,94.8,Excellent,217,0.23488337709649185,273,0.47368420221606666
TX_307,10,210,48900,7,44,1060,30,521,0,0,1,33,48,44,88.6,Good,558,0.296518167624725,612,0.9166666475694449
TX_308,9,228,45900,2,44,515,0,128,0,0,1,32,48,72,90.9,Excellent,130,0.3326748160764554,183,1.4999999687500007
TX_309,9,13000,45000,2,526,2050,0,0,0,0,1,32,60,24,96.2,Excellent,2,0.2302157996830128,537,0.39999999333333347
TX_310,9,12000,45100,4,475,1570,0,0,0,0,1,32,54,12,97.2,Excellent,4,0.24210104558465212,488,0.22222221810699597
TX_311,9,2200,58100,6,432,7980,17,0,0,0,0.67,42,37,21,84.3,Good,23,0.2663126332971027,464,0.567567552227904
TX_312,9,278,53900,2,34,1120,0,55,0,0,3.93,30,53,38,88,Good,57,0.2938050603408671,100,0.7169811185475261
TX_313,9,414,37700,2,34,843,5,278,0,0,1,31,58,39,93.8,Excellent,285,0.26049813119485254,328,0.6724137815101072
TX_314,9,2700,73600,4,238,5050,6,0,0,0,1.37,41,54,12,89.7,Excellent,10,0.19311266554364054,257,0.22222221810699597
TX_315,9,17000,53500,4,173,1370,3,0,0,0,1,44,54,5,98.5,Excellent,7,0.16778410569394175,189,0.092592590877915
TX_316,9,2490,57000,2,42,351,3,184,0,0,2.61,32,49,66,83.6,Good,189,0.32635268623620656,240,1.3469387480216584
TX_317,8,1210,27000,3,166,454,0,43,0,0,1,32,55,18,98.5,Excellent,46,0.24449175596716582,220,0.32727272132231416
TX_318,8,5570,22800,2,323,989,0,0,0,0,1,32,38,24,91.5,Excellent,2,0.3218824663496795,333,0.6315789307479229
TX_319,8,8470,44500,3,318,569,12,0,0,0,1,32,51,18,98.5,Excellent,15,0.2611584226338325,341,0.3529411695501732
TX_320,8,12200,49200,6,646,3020,0,0,0,0,1,32,55,17,94.7,Excellent,6,0.2433988597923024,660,0.3090909034710745
TX_321,8,16200,52900,4,434,1890,0,0,0,0,1,32,53,14,97.2,Excellent,4,0.2484535046010456,446,0.26415093841224646
TX_322,8,8600,40900,4,580,1750,0,0,0,0,1,32,58,8,97.2,Excellent,4,0.22106279421853192,592,0.1379310321046374
TX_323,8,292,47300,3,39,1390,0,79,0,0,1,33,55,28,96.2,Excellent,82,0.24986516216024413,129,0.5090908998347109
TX_324,8,117,47900,2,20,491,0,75,0,0,2.18,33,53,15,91.2,Excellent,77,0.24721709265712719,105,0.2830188625845498
TX_325,8,352,26900,2,38,506,4,75,0,0,1,33,52,24,96.2,Excellent,81,0.25799357746079055,127,0.4615384526627221
TX_326,8,189,39923,1,37,698,3,78,0,0,3.14,33,71,41,89.7,Excellent,82,0.20325713688095054,127,0.5774647805990876
TX_327,8,634,49400,2,42,444,3,227,0,0,2.14,32,56,53,85.8,Good,232,0.28169333853760087,282,0.9464285545280615
TX_328,8,1140,55600,2,42,424,3,158,0,0,2.01,32,52,75,85.8,Good,163,0.3220482870116175,213,1.4423076645710065
TX_329,7,7290,34700,0,463,975,3,0,0,0,1,32,54,44,94.2,Excellent,3,0.27707372318028056,473,0.8148147997256519
TX_330,7,5860,28700,0,360,557,0,0,0,0,1,32,52,19,97.2,Excellent,0,0.2580846521420292,367,0.3653846083579883
TX_331,7,8570,38900,5,593,2360,0,0,0,0,1,32,57,42,94.2,Excellent,5,0.2623879308305538,605,0.7368420923361036
TX_332,7,10300,50500,6,725,2120,0,0,0,0,1,32,55,16,80,Good,6,0.24230596361743903,738,0.2909090856198348
TX_333,7,1160,46900,4,527,1530,0,0,0,0,1,32,57,13,97.2,Excellent,4,0.23069394175951552,538,0.2280701714373654
TX_334,7,420,63600,16,545,10600,7,5,0,1,1.11,45,39,16,82.3,Good,28,0.2379322172103052,580,0.41025639973701544
TX_335,7,339,43800,2,31,644,0,167,0,0,1,32,56,24,94.8,Excellent,169,0.2468824663496795,207,0.42857142091836753
TX_336,7,1200,51100,2,52,1340,0,67,0,0,3.83,28,54,24,87.7,Good,69,0.28517554753749746,128,0.44444443621399193
TX_337,7,492,9748,1,54,221,0,0,0,1,0.46,47,66,3,100,Excellent,1,0.09833628562774718,62,0.04545454476584023
TX_338,7,19100,46700,0,47,700,0,0,0,0,1,28,46,16,93.8,Excellent,0,0.3020281858396613,54,0.34782607939508525
TX_339,7,4560,43900,5,444,1580,4,0,0,0,1,40,56,29,96.2,Excellent,9,0.20790250277955197,460,0.5178571336096941
TX_340,6,4970,52300,5,587,4230,5,0,0,1,0.33,41,47,4,92.4,Excellent,10,0.21157374776296606,603,0.08510638116794934
TX_341,6,10200,41700,0,434,908,3,0,0,0,1,41,57,17,97.2,Excellent,3,0.18506552645896907,443,0.2982456088027086
TX_342,6,4570,22500,2,451,1500,0,0,0,0,1,32,57,31,95.2,Excellent,2,0.2503660729070565,459,0.5438596395814098
TX_343,6,10600,58100,2,575,1370,0,0,0,5,0.24,43,50,2,97.2,Excellent,2,0.1890550036572641,583,0.03999999920000002
TX_344,6,9550,49600,6,649,2960,0,0,0,0,1,43,48,14,92.4,Excellent,6,0.2081757268232678,661,0.2916666605902779
TX_345,6,7300,44400,7,788,3030,0,0,0,0,1,43,51,12,80,Good,7,0.19348993447354101,801,0.23529411303344877
TX_346,6,9960,53700,6,678,2220,0,0,0,0,1,43,55,10,97.2,Excellent,6,0.17463747545714758,690,0.18181817851239676
TX_347,6,6510,37400,4,529,1540,0,0,0,0,1,43,55,9,97.2,Excellent,4,0.1735445792822842,539,0.16363636066115708
TX_348,6,11800,44900,4,562,1670,0,0,0,0,1,43,54,12,97.2,Excellent,4,0.180989934473541,572,0.22222221810699597
TX_349,6,5790,30900,5,705,2250,0,0,0,0,1,43,58,9,95.8,Excellent,5,0.1610445792822842,716,0.15517241111771707
TX_350,6,11600,44500,5,581,1870,0,0,0,0,1,32,57,11,97.2,Excellent,5,0.22850814940978875,592,0.1929824527546938
TX_351,6,177,55400,0,17,413,0,35,0,0,1,33,54,21,97.5,Excellent,35,0.24638155560286706,58,0.38888888168724295
TX_352,6,222,42000,2,36,311,0,175,0,0,1,34,56,22,94.8,Excellent,177,0.2335855628888416,219,0.3928571358418369
TX_353,5,6410,45800,3,465,2850,0,0,0,0,1,34,60,79,90.7,Excellent,3,0.279213978189388,473,1.3166666447222226
TX_354,5,10800,43300,0,491,1140,3,0,0,0,1,34,53,21,96.2,Excellent,3,0.2449926667139782,499,0.3962264076183697
TX_355,5,17400,43000,0,258,1130,0,0,0,0,1,34,49,40,93.2,Excellent,0,0.28242436070304927,263,0.8163265139525202
TX_356,5,18200,66100,5,475,846,11,0,0,0,1,55,55,12,97.2,Excellent,16,0.11015660114020771,496,0.21818181421487612
TX_357,5,4460,33100,7,689,2410,0,0,0,0,1,55,54,12,97.2,Excellent,7,0.11432326780687437,701,0.22222221810699597
TX_358,5,10500,47300,7,696,2820,0,0,0,0,1,55,57,17,94.7,Excellent,7,0.10728774868119131,708,0.2982456088027086
TX_359,5,3860,29300,4,739,2030,0,0,0,0,1,33,59,11,80,Good,4,0.21461926052089986,748,0.18644067480609028
TX_360,5,8930,34900,5,466,1930,0,0,0,0,1,33,55,33,95.2,Excellent,5,0.25532964303456107,476,0.5999999890909093
TX_361,5,9880,41700,5,582,1720,0,0,0,0,1,33,52,13,97.2,Excellent,5,0.24597171953729333,592,0.24999999519230778
TX_362,5,7550,47400,5,746,24200,0,0,0,0,1,33,56,11,80,Good,5,0.22711926052089987,756,0.19642856792091845
TX_363,5,5300,39600,5,685,2090,0,0,0,0,1,32,58,13,97.2,Excellent,5,0.22652727509284887,695,0.22413792717003575
TX_364,5,15700,60200,10,507,5330,19,14,0,0,19.7,40,55,17,80.8,Good,43,0.25008223489673015,555,0.3090909034710745
TX_365,5,1210,54600,0,22,226,0,68,0,0,1,32,51,26,96.2,Excellent,68,0.26990159203273956,95,0.5098039115724724
TX_366,5,16100,53200,2,90,93,0,0,0,0,0.78,44,45,4,96.2,Excellent,2,0.20358970575967988,97,0.0888888869135803
TX_367,4,17000,72100,5,344,2380,3,0,0,1,0.86,44,55,3,98.5,Excellent,8,0.16192992882665358,356,0.05454545355371903
TX_368,4,22200,48400,0,82,499,0,0,0,0,1,36,44,10,96.2,Excellent,0,0.25935969767936984,86,0.22727272210743815
TX_369,4,18900,53900,4,152,825,0,0,0,0,0.57,33,54,2,98.5,Excellent,4,0.2244408618416384,160,0.037037036351165994
TX_370,4,6890,24800,0,322,825,0,0,0,0,1,33,55,18,98.5,Excellent,0,0.23893620041161023,326,0.32727272132231416
TX_371,4,4990,35200,7,760,2600,0,0,0,0,1,33,56,11,80,Good,7,0.22711926052089987,771,0.19642856792091845
TX_372,4,3910,24600,6,599,2310,0,0,0,0,1,33,52,14,97.2,Excellent,6,0.24706461571215668,609,0.2692307640532545
TX_373,4,4300,26200,6,656,2090,0,0,0,0,1,33,55,11,97.2,Excellent,6,0.23128592718756655,666,0.19999999636363644
TX_374,4,4690,27400,6,595,2130,0,0,0,0,1,33,55,8,97.2,Excellent,6,0.2280072386629764,605,0.1454545428099174
TX_375,4,9600,55200,7,785,2690,0,0,0,0,1,33,57,14,80,Good,7,0.22623128237882337,796,0.24561403077870123
TX_376,4,4070,30900,6,664,2440,0,0,0,0,1,33,57,11,97.2,Excellent,6,0.22295259385423316,674,0.1929824527546938
TX_377,4,4860,34500,4,735,2010,0,0,0,0,1,32,59,9,80,Good,4,0.21798902372672865,743,0.15254237029589204
TX_378,4,9660,22200,0,51,275,0,0,0,0,1,32,51,31,96.5,Excellent,0,0.2753660729070565,55,0.6078431253364094
TX_379,4,7917,72870,4,171,2499,9,1,0,0,0.26,48,68,7,100,Excellent,14,0.08739110257013624,189,0.10294117495674743
TX_380,4,19100,49000,2,92,736,0,0,0,0,0.17,43,48,4,96.2,Excellent,2,0.1949774554369032,98,0.08333333159722227
TX_381,4,10600,49300,1,364,2020,4,0,0,0,1,43,56,76,93.2,Excellent,5,0.24260195633146459,373,1.3571428329081638
TX_382,4,425,54300,3,68,508,0,99,0,0,1,33,49,48,91.9,Excellent,102,0.29672308565751193,174,0.9795918167430242
TX_383,4,19700,50400,0,69,188,0,0,0,0,1,46,55,5,98.5,Excellent,0,0.15250632791616398,73,0.09090908925619838
TX_384,3,8020,50100,6,569,3710,16,0,0,5,0.49,41,27,6,84.2,Good,22,0.30105455980047857,594,0.22222221399176983
TX_385,3,1940,53800,2,29,650,0,49,0,0,1,31,49,22,95.2,Excellent,51,0.279418896222175,83,0.4489795826738861
TX_386,3,16900,45900,2,61,549,2,0,0,0,1,43,53,10,98.5,Excellent,4,0.18297080879048094,68,0.1886792417230332
TX_387,3,309,38500,2,39,791,3,99,0,0,1,33,54,183,93.2,Excellent,104,0.42343073593073594,146,3.3888888261316885
TX_388,3,3660,40100,4,669,1720,4,0,0,0,1,33,54,20,96.2,Excellent,8,0.2452886594280037,680,0.37037036351166
TX_389,3,17600,50900,3,426,2480,0,0,0,0,1,33,59,40,94.2,Excellent,3,0.24631324959193815,432,0.6779660902039646
TX_390,3,5040,29500,2,510,1230,0,0,0,0,1,32,58,33,95.2,Excellent,2,0.24838519859011665,515,0.5689655074316292
TX_391,3,7880,32100,1,368,863,0,0,0,0,1,32,58,23,96.2,Excellent,1,0.23745623684148276,372,0.3965517173008325
TX_392,3,11200,36100,0,120,293,0,0,0,0,1,32,53,15,98.5,Excellent,0,0.249546400775909,123,0.2830188625845498
TX_393,3,13900,3600,1,296,5070,17,0,0,0,1,32,60,35,90.7,Excellent,18,0.24223765760651003,317,0.5833333236111113
TX_394,3,12200,36300,2,452,6050,0,0,0,0,1,32,55,52,87.3,Good,2,0.281650225912521,457,0.9454545282644632
TX_395,3,4070,34800,7,761,2570,0,0,0,0,1,32,55,12,80,Good,7,0.23793437891798547,771,0.21818181421487612
TX_396,3,45100,31200,5,568,2160,3,2,0,0,1,32,54,11,97.2,Excellent,10,0.24100814940978874,581,0.20370369993141296
TX_397,3,3710,25100,6,610,2070,0,0,0,0,1,32,54,9,97.2,Excellent,6,0.23882235706006197,619,0.16666666358024698
TX_398,3,7951,50923,11,319,3716,10,5,0,0,0.13,42,57,3,96,Excellent,26,0.1618307504977048,348,0.052631578024007405
TX_399,3,220,54300,2,24,246,0,153,0,0,1.52,33,48,12,90.6,Excellent,155,0.2629672261876749,182,0.2499999947916668
TX_400,3,9730,42000,10,532,1320,21,4,0,5,0.84,48,46,4,94.9,Excellent,35,0.1817701496942393,570,0.08695651984877131
TX_401,3,5810,31900,9,369,1050,18,3,0,1,1.12,47,55,4,94.2,Excellent,30,0.1470670264141394,402,0.0727272714049587
TX_402,3,11200,57300,3,483,1230,0,0,0,1,0.33,42,57,4,97.2,Excellent,3,0.1643515255407438,489,0.07017543736534321
TX_403,3,15700,59900,1,103,555,0,0,0,0,0.43,45,43,8,96.2,Excellent,1,0.20978213043786814,107,0.18604650730124403
TX_404,2,15700,51300,4,358,2770,2,0,0,5,0.57,46,42,4,92.4,Excellent,6,0.20880971831275524,366,0.0952380929705216
TX_405,2,16072,46688,1,70,435,0,0,0,0,0.15,44,51,6,98.5,Excellent,1,0.17905301007112914,73,0.11764705651672439
TX_406,2,12704,33134,2,32,801,3,3,0,1,0.39,44,63,5,100,Excellent,8,0.12949735708433202,42,0.07936507810531622
TX_407,0,23500,50600,0,29,347,0,0,0,0,0.6,44,45,10,96.2,Excellent,0,0.20965494336935234,29,0.22222221728395075
TX_408,0,302,51300,4,25,1510,3,292,0,0,1,32,49,33,91.6,Excellent,299,0.28588519859011663,324,0.6734693740108292
TX_409,0,20600,46500,2,152,823,8,2,0,0,1,32,49,33,94.2,Excellent,12,0.28588519859011663,164,0.6734693740108292
TX_410,0,15115,48813,2,97,915,6,1,0,0,1.45,33,49,14,93.2,Excellent,9,0.2607949643109263,106,0.28571427988338205
TX_411,0,19100,58400,0,72,629,0,0,0,0,1,38,53,13,98.5,Excellent,0,0.21402727509284886,72,0.24528301423994314
TX_412,0,18600,44400,0,67,511,3,0,0,0,3.47,43,56,19,92.5,Excellent,3,0.1870601211174982,70,0.33928570822704096
TX_413,0,21900,46200,0,46,520,3,0,0,0,1.1,41,36,16,89.5,Excellent,3,0.27174604108383227,49,0.44444443209876583
TX_414,0,21300,46200,0,51,658,0,0,0,0,0.75,37,41,9,96.2,Excellent,0,0.2645277189496344,51,0.21951218976799539
TX_415,0,16443,43308,1,10,348,0,0,0,0,0.83,41,73,5,100,Excellent,1,0.10481930733440656,11,0.06849314974666919
TX_416,0,20000,54700,3,117,699,0,0,0,0,0.05,34,51,2,98.5,Excellent,3,0.22996357012750454,120,0.0392156855055748
TX_417,0,16600,49300,3,105,624,0,0,0,0,0.47,32,55,4,98.5,Excellent,3,0.22774213228052745,108,0.0727272714049587
TX_418,0,17000,55600,4,182,1100,0,0,0,0,0.58,34,57,5,98.5,Excellent,4,0.20969133589064565,186,0.08771929670667901
TX_419,0,21200,60000,5,123,767,0,0,0,0,0.54,32,50,4,98.5,Excellent,5,0.2487668531736694,128,0.07999999840000004
TX_420,0,25600,47100,0,25,467,0,0,0,0,0.33,44,54,3,98.5,Excellent,0,0.16376646098604683,25,0.05555555452674899
TX_421,0,789,20300,6,280,502,0,0,0,0,0.31,46,51,3,98.5,Excellent,6,0.1651006677149904,286,0.05882352825836219
TX_422,0,21500,45600,6,197,2070,34,15,0,4,0.13,44,55,3,98.5,Excellent,55,0.16257720179481688,252,0.05454545355371903
TX_423,0,23100,48600,0,202,2220,6,0,0,6,0.06,45,54,3,98.5,Excellent,6,0.16275903988356427,208,0.05555555452674899
TX_424,0,16100,38600,0,251,5620,21,0,0,0,1,45,56,44,89.7,Excellent,21,0.19651816762472502,272,0.7857142716836738
TX_425,0,14700,36500,2,284,3820,0,0,0,0,1,45,57,42,93,Excellent,2,0.19016570860833154,286,0.7368420923361036
TX_426,0,9444,35331,3,358,5507,6,0,0,0,1,45,75,75,88.8,Good,9,0.15123128237882336,367,0.9999999866666669
TX_427,0,27300,65600,0,56,202,0,0,0,0,1,43,48,3,96.2,Excellent,0,0.19615386889977054,56,0.0624999986979167
TX_428,0,1230,10500,2,113,326,0,0,0,0,1,45,56,5,98.5,Excellent,2,0.15389521680505286,115,0.08928571269132657
TX_429,0,4330,11200,0,81,192,0,0,0,0,1,57,57,4,98.5,Excellent,0,0.08196898729685616,81,0.07017543736534321
TX_430,0,19900,43300,0,114,782,0,0,0,4,1.33,40,54,6,95.5,Excellent,0,0.19552570880501496,114,0.11111110905349798
TX_431,0,25800,57100,0,49,427,0,0,0,0,0.07,45,49,11,96.2,Excellent,0,0.1870765400834426,49,0.22448979133694305
TX_432,0,22800,46800,0,66,914,0,0,0,0,1,41,51,4,98.5,Excellent,0,0.19585787618574504,66,0.0784313710111496
TX_433,0,23200,45800,0,40,620,0,0,0,0,0.76,46,52,5,98.5,Excellent,0,0.1643501419968202,40,0.09615384430473377
TX_434,0,24100,49300,0,84,779,6,0,0,0,1.69,36,47,7,93.2,Excellent,6,0.2454675436728931,90,0.14893616704391135
TX_435,0,24300,50200,0,54,738,0,0,0,0,1.75,44,55,4,95.5,Excellent,0,0.16457512385036116,54,0.0727272714049587
TX_436,0,448,38900,2,24,482,0,99,0,0,4.39,31,53,12,91.2,Excellent,101,0.2610918939176058,125,0.22641509006763982
TX_437,0,22800,44600,0,36,585,0,0,0,0,1,31,51,34,96.5,Excellent,0,0.2842003169872022,36,0.6666666535947715
TX_438,0,16000,48000,2,426,1360,0,0,0,5,0.6,48,54,4,97.2,Excellent,2,0.14778063044156214,428,0.07407407270233199
TX_439,0,23900,45900,0,49,466,0,0,0,5,0.29,45,53,4,98.5,Excellent,0,0.16776639029574306,49,0.07547169668921327
TX_440,0,20300,62500,0,78,190,0,0,0,0,1,45,56,5,98.5,Excellent,0,0.15389521680505286,78,0.08928571269132657
TX_441,0,19500,54800,0,73,196,0,0,0,0,1,46,56,4,98.5,Excellent,0,0.14724676507463397,73,0.07142857015306125
TX_442,0,18400,51700,0,61,304,0,0,0,0,1,43,50,6,98.5,Excellent,0,0.19109922409102736,61,0.11999999760000006
TX_443,18,154,42800,5,127,711,3,91,0,0,1,32,53,7,97.2,Excellent,99,0.24080323137700194,244,0.13207546920612323
TX_444,11,15600,45000,3,309,2240,0,3,0,147,0.5,39,53,3,92.7,Excellent,6,0.3256911222922292,326,0.056603772516909956
TX_445,11,1760,56800,2,41,594,3,49,0,0,1,31,60,27,97.5,Excellent,54,0.2390500437631585,106,0.44999999250000017
TX_446,11,1770,48600,0,30,593,0,60,0,0,3.97,31,58,29,91.5,Excellent,60,0.25768947019809835,101,0.4999999913793105
TX_447,11,1780,56900,2,29,867,0,54,0,0,2.78,31,50,27,91.5,Excellent,56,0.2855834226649585,96,0.5399999892000003
TX_448,11,265,50800,2,54,1050,0,63,0,0,1,30,50,16,96,Excellent,65,0.2742504080618835,130,0.31999999360000014
TX_449,11,15700,41700,0,62,649,0,0,0,0,1,33,44,16,96.2,Excellent,0,0.2825837413952168,73,0.36363635537190103
TX_450,11,222,41000,2,35,309,0,211,0,0,2.53,33,58,30,87.8,Good,213,0.24373413974578773,259,0.5172413703923902
TX_451,17,262,47400,2,46,1050,4,97,0,0,1,33,57,26,96.2,Excellent,103,0.239346036477184,166,0.4561403428747308
TX_452,17,645,49600,6,87,599,5,211,0,0,4.46,33,56,19,89.8,Excellent,222,0.245322443590347,326,0.33928570822704096
TX_453,17,259,53300,2,31,561,0,56,0,0,2.9,32,54,19,92.5,Excellent,58,0.25494612400350103,106,0.35185184533607694
TX_454,17,233,53500,2,40,1230,3,64,0,0,4.18,34,59,42,89.5,Excellent,69,0.2516379498174149,126,0.7118643947141629
TX_455,17,232,48600,2,47,796,0,116,0,0,2.15,30,50,23,87.7,Good,118,0.285044905482783,182,0.4599999908000002
TX_456,17,564,14600,5,320,2450,0,0,0,1,1.07,45,52,6,95.5,Excellent,5,0.172727224475114,342,0.11538461316568052
TX_457,16,1050,51600,15,122,12000,0,21,0,0,0.23,43,47,5,90.4,Excellent,36,0.20040106475826924,174,0.10638297645993668
TX_458,16,2020,56600,6,138,663,0,138,0,0,1,33,58,12,95.8,Excellent,144,0.2198788233624299,298,0.20689654815695607
TX_459,16,2270,65400,0,35,604,0,53,0,0,1.83,33,52,22,94.5,Excellent,53,0.25807709474879453,104,0.42307691494082855
TX_460,16,2030,53800,4,44,709,17,183,0,0,1,33,55,22,94.8,Excellent,204,0.2433077851110638,264,0.3999999927272729
TX_461,12,151,48200,2,34,569,4,48,0,0,1,31,58,20,97.5,Excellent,54,0.23973310387244817,100,0.34482758026159344
TX_462,12,1840,61900,2,36,1560,3,72,0,0,4.5,31,55,36,89.2,Excellent,77,0.279288820660693,125,0.6545454426446283
TX_463,12,285,52500,2,35,895,0,51,0,0,3.22,33,54,37,90.5,Excellent,53,0.2699376141546116,100,0.685185172496571
TX_464,12,465,52700,2,52,918,0,84,0,0,3.83,33,55,24,90.2,Excellent,86,0.2532311030930531,150,0.43636362842975224
TX_465,12,2150,11100,2,170,1440,0,0,0,1,0.73,45,54,6,98.5,Excellent,2,0.16346429442271027,184,0.11111110905349798
TX_466,15,227,52900,3,60,853,3,84,0,0,1,32,56,28,96.2,Excellent,90,0.25125405104913306,165,0.49999999107142873
TX_467,15,334,47100,3,64,622,3,108,0,0,1,32,55,12,97.2,Excellent,114,0.23793437891798547,193,0.21818181421487612
TX_468,15,1280,35000,2,675,2530,0,0,0,5,0.3,45,58,8,94.7,Excellent,2,0.15133198274183593,692,0.1379310321046374
TX_469,15,169,50600,5,77,532,0,72,0,0,1.21,33,54,11,94.2,Excellent,77,0.23602675653365904,169,0.20370369993141296
TX_470,15,308,39700,3,64,581,5,27,0,0,1,32,60,18,98.5,Excellent,35,0.22365842263383245,114,0.2999999950000001
